Country Name,Indicator Name,1960,1961,1962,1963,1964,1965,1966,1967,1968,1969,1970,1971,1972,1973,1974,1975,1976,1977,1978,1979,1980,1981,1982,1983,1984,1985,1986,1987,1988,1989,1990,1991,1992,1993,1994,1995,1996,1997,1998,1999,2000,2001,2002,2003,2004,2005,2006,2007,2008,2009,2010,2011,2012,2013,2014,2015,2016,2017,2018
India,Urban population (% of total population),17.924,18.032,18.218,18.405,18.595,18.785,18.977,19.171,19.366,19.562,19.76,19.991,20.321,20.653,20.991,21.332,21.677,22.026,22.379,22.736,23.098,23.417,23.647,23.879,24.113,24.348,24.585,24.823,25.063,25.305,25.547,25.778,25.984,26.191,26.399,26.607,26.817,27.028,27.24,27.453,27.667,27.918,28.244,28.572,28.903,29.235,29.569,29.906,30.246,30.587,30.93,31.276,31.634,32.003,32.384,32.777,33.182,33.6,34.03
India,Urban population,80756166,82882675,85456482,88127853,90901311,93760316,96712770,99765994,102932967,106238158,109705503,113522495,118082741,122837876,127793754,132920310,138219074,143699557,149379782,155285824,161444128,167521704,173152676,178956141,184906540,190975975,197165614,203469688,209894838,216442440,223096279,229752408,236274335,242896345,249629427,256470883,263440887,270523260,277707327,284978106,292322757,300118524,308796507,317584393,326495067,335503762,344622641,353850625,363154577,372465917,381763166,391040303,400417728,409909187,419568459,429428653,439498772,449789369,460295677
India,Urban population growth (annual %),2.346685222,2.599173525,3.058121034,3.078137117,3.098578845,3.096727261,3.100375552,3.108193212,3.125058677,3.160537694,3.211618263,3.420148101,3.938456254,3.947983098,3.955226287,3.93321082,3.909014346,3.888479109,3.876722529,3.877550903,3.889168155,3.695379284,3.306080655,3.296702793,3.270975477,3.229712656,3.189642097,3.14729847,3.108959339,3.071801218,3.027877664,2.939881946,2.799132422,2.764122219,2.734273763,2.703761542,2.681386345,2.652907845,2.620969505,2.584457771,2.544616777,2.63189526,2.850502993,2.806108118,2.767125214,2.721832959,2.681685474,2.642483661,2.595371477,2.531696007,2.46548964,2.401019936,2.369769079,2.342731786,2.329106445,2.322890672,2.317931183,2.314448126,2.308965478
India,"Population, total",450547679,459642165,469077190,478825608,488848135,499123324,509631500,520400576,531513824,543084336,555189792,567868018,581087256,594770134,608802600,623102897,637630087,652408776,667499806,682995354,698952844,715384993,732239504,749428958,766833410,784360008,801975244,819682102,837468930,855334678,873277798,891273209,909307016,927403860,945601831,963922588,982365243,1000900030,1019483581,1038058156,1056575549,1075000085,1093317189,1111523144,1129623456,1147609927,1165486291,1183209472,1200669765,1217726215,1234281170,1250288729,1265782790,1280846129,1295604184,1310152403,1324509589,1338658835,1352617328
India,Population growth (annual %),1.960983486,1.99843774,2.031905454,2.056911684,2.071542291,2.080132863,2.083470803,2.091093794,2.113035337,2.153541594,2.204540007,2.257900619,2.301189898,2.327407347,2.331907575,2.321759164,2.304664538,2.291300827,2.286777711,2.294895757,2.309522066,2.323757166,2.328680217,2.320387549,2.295805371,2.259852793,2.220963073,2.183884504,2.14675799,2.11086641,2.076088739,2.039729635,2.003177618,1.97063456,1.943244886,1.918940549,1.89521886,1.869172711,1.839658073,1.80556042,1.768125412,1.728767638,1.689562681,1.651490906,1.61530759,1.57971029,1.545696178,1.50922207,1.46489008,1.4105823,1.350339045,1.28857558,1.231622928,1.18301607,1.145623988,1.116633091,1.08988008,1.062597394,1.03732336
India,Poverty headcount ratio at $1.90 a day (2011 PPP) (% of population),,,,,,,,,,,,,,,,,,61.6,,,,,,54.8,,,,48.9,,,,,,45.9,,,,,,,,,,,38.2,,,,,31.1,,21.2,,,,,,,
India,"Prevalence of underweight, weight for age (% of children under 5)",,,,,,,,,,,,,,,,,,,,,,,,,,,,,,55.5,,,52.8,51.2,,,,38.4,,46.3,,,,,,,43.5,,,,,,,,29.4,35.7,,,
India,"Community health workers (per 1,000 people)",,,,,,,,,,,,,,,,,,,,,,,,,,,,,,,,0.154,,,,,,,,,,,,0.627,0.621,0.627,0.614,0.614,0.63,0.62,0.578,0.504,,,,,0.581,,
India,"Mortality rate, under-5 (per 1,000 live births)",242,238.4,235,231.8,228.9,226.2,223.5,220.9,218.2,215.4,212.5,209.3,205.9,202.3,198.2,193.7,188.9,183.7,178.3,172.8,167.5,162.5,157.8,153.4,149.3,145.4,141.5,137.6,133.6,129.7,126,122.5,119.2,115.9,112.7,109.4,106,102.5,98.9,95.3,91.7,88.1,84.6,81.2,77.8,74.5,71.2,68,64.7,61.6,58.4,55.3,52.4,49.5,46.7,44.1,41.6,39.4,
India,"Primary completion rate, total (% of relevant age group)",,,,,,,,,,,,39.68801117,,,41.64776993,,,,,,,,,,,,,63.20822144,64.5966568,,,,,,,71.9030838,,,,68.95169067,71.77980042,72.45529938,75.8442688,80.32840729,,,,,94.98444366,95.94667816,,92.89476013,,96.24060059,97.57359314,97.7277298,96.30979919,94.47557831,
India,"School enrollment, primary and secondary (gross), gender parity index (GPI)",,,,,,,,,,,,0.578440011,0.582130015,0.591830015,,0.599829972,0.603579998,0.60777998,0.600239992,,0.611490011,0.61954999,0.616469979,0.640590012,0.62786001,,0.656920016,0.666419983,0.675159991,0.671649992,,,,0.730729997,0.742370009,0.74247998,0.749750018,0.762000024,,0.782090008,0.787329972,0.795109987,0.815720022,0.900129974,,,,0.929709971,0.954890013,0.978579998,0.978699982,0.989109993,0.995069981,1.065009952,1.063770056,1.066089988,1.092859983,,
India,"Agriculture, forestry, and fishing, value added (% of GDP)",41.31288757,40.38744903,38.37138026,39.31979747,41.18778669,38.95218921,40.02549461,42.76767196,41.63359952,41.35839187,39.92785308,38.09982324,38.01776691,41.16209353,38.19973813,35.26954276,33.44301056,34.947767,33.16007722,31.28099618,33.05752354,31.71517963,30.57050598,31.324182,30.14682793,28.63531797,27.46879285,26.88410185,27.98226177,26.91797475,26.89646983,27.33325024,26.66980329,26.88183241,26.38864987,24.45688398,25.41706059,24.34538568,24.37884967,22.98898797,21.60898284,21.62053,19.53672264,19.58062978,17.81468472,17.62020856,16.80943274,16.75012483,16.79094084,16.74426407,17.02650819,17.19197356,16.84537707,17.14842354,16.79193451,16.17450811,16.24980967,15.61945495,14.46413517
India,CPIA public sector management and institutions cluster average (1=low to 6=high),,,,,,,,,,,,,,,,,,,,,,,,,,,,,,,,,,,,,,,,,,,,,,3.7,3.7,3.7,3.7,3.7,3.6,3.6,3.6,3.6,,,,,
India,Ease of doing business index (1=most business-friendly regulations),,,,,,,,,,,,,,,,,,,,,,,,,,,,,,,,,,,,,,,,,,,,,,,,,,,,,,,,,,,77
India,Terrestrial and marine protected areas (% of total territorial area),,,,,,,,,,,,,,,,,,,,,,,,,,,,,,,,,,,,,,,,,,,,,,,,,,,,,,,,,3.479305985,3.479306895,3.479306895
India,Marine protected areas (% of territorial waters),,,,,,,,,,,,,,,,,,,,,,,,,,,,,,,,,,,,,,,,,,,,,,,,,,,,,,,,,0.170691586,0.17070585,0.17070585
India,Terrestrial protected areas (% of total land area),,,,,,,,,,,,,,,,,,,,,,,,,,,,,,,,,,,,,,,,,,,,,,,,,,,,,,,,,5.97,5.966519402,5.966519402
India,"Annual freshwater withdrawals, total (% of internal resources)",,,,,,,,,,,,,,,,,,26.27939142,,,,,30.31120332,,,,,34.39834025,,,,,34.57814661,,,,,,,,,,42.21300138,,,,,,,,,,44.77869986,,44.77869986,,,,
India,"Annual freshwater withdrawals, total (billion cubic meters)",,,,,,,,,,,,,,,,380,,,,,438.3,,,,,,497.4,,,,500,,,,,,,,,,610.4,,,,,,,,,,647.5,,,,,,,,
India,Population in urban agglomerations of more than 1 million (% of total population),7.551661586,7.651858702,7.756703966,7.862047971,7.969085941,8.077197971,8.187988576,8.300790197,8.414854136,8.527388461,8.63864154,8.748762287,8.860900057,8.972784602,9.08771431,9.206693192,9.33098927,9.45903033,9.591556645,9.727023268,9.865407172,9.988462534,10.08099394,10.17697544,10.27864214,10.38593072,10.5007477,10.622661,10.75240427,10.88859781,11.03287273,11.16933214,11.28202325,11.40035173,11.52532825,11.65631934,11.79394719,11.93719227,12.08819291,12.24726045,12.4156338,12.56137975,12.65438798,12.75500918,12.86362674,12.97904885,13.10259041,13.23435805,13.37611396,13.52810352,13.69290799,13.87070202,14.06128377,14.26394942,14.47754463,14.70126228,14.93516232,15.17972912,15.43508062
India,Population living in areas where elevation is below 5 meters (% of total population),,,,,,,,,,,,,,,,,,,,,,,,,,,,,,,2.731374086,,,,,,,,,,2.653426761,,,,,,,,,,2.664960354,,,,,,,,
India,Urban population living in areas where elevation is below 5 meters (% of total population),,,,,,,,,,,,,,,,,,,,,,,,,,,,,,,1.127296167,,,,,,,,,,1.112924965,,,,,,,,,,1.13790464,,,,,,,,
India,Rural population living in areas where elevation is below 5 meters (% of total population),,,,,,,,,,,,,,,,,,,,,,,,,,,,,,,1.604077919,,,,,,,,,,1.540501796,,,,,,,,,,1.527055714,,,,,,,,
India,"Droughts, floods, extreme temperatures (% of population, average 1990-2009)",,,,,,,,,,,,,,,,,,,,,,,,,,,,,,,,,,,,,,,,,,,,,,,,,,4.356108992,,,,,,,,,
India,GHG net emissions/removals by LUCF (Mt of CO2 equivalent),,,,,,,,,,,,,,,,,,,,,,,,,,,,,,,,,,,14.2921,,,,,,,,,,,,,,,,,,,,,,,,
India,Disaster risk reduction progress score (1-5 scale; 5=best),,,,,,,,,,,,,,,,,,,,,,,,,,,,,,,,,,,,,,,,,,,,,,,,,,,,3.25,,,,,,,
India,SF6 gas emissions (thousand metric tons of CO2 equivalent),,,,,,,,,,,,,,,,,,,,,,,,,,,,,,,5757.5,,,,,,,,,,3434.7,,,,,4578.7,,,5301.4,,5772,,,,,,,,
India,PFC gas emissions (thousand metric tons of CO2 equivalent),,,,,,,,,,,,,,,,,,,,,,,,,,,,,,,2104,,,,,,,,,,2008.8,,,,,1115.8,,,1551.8,,1740,,,,,,,,
India,Nitrous oxide emissions (% change from 1990),,,,,,,,,,,,,,,,,,,,,,,,,,,,,,,,3.667756063,6.642027301,8.676420054,13.56992974,17.59283631,19.78917623,24.41033684,26.2913733,24.29353747,22.46569133,19.42506928,15.61236501,20.14158496,23.35311063,23.57866684,25.67922763,27.86807338,29.68531801,33.58722116,38.05301485,39.70965103,41.36628721,,,,,,
India,Nitrous oxide emissions (thousand metric tons of CO2 equivalent),,,,,,,,,,,84290.24,86999.95,89779.41,90769.24,92701.16,95722.42,100665.99,105445.57,108230.92,113167.67,114802.92,120368.97,124244.59,132439.75,139792.95,142780.11,151711.21,147987.49,161676.78,165019.2,169598.52,175818.98,180863.3,184313.6,192612.92,199435.71,203160.67,210998.09,214188.3,210800,207700,202543.15,196076.86,203758.35,209205.05,209587.59,213150.11,216862.36,219944.38,226561.95,234135.87,236945.5004,239755.1309,,,,,,
India,Methane emissions (% change from 1990),,,,,,,,,,,,,,,,,,,,,,,,,,,,,,,,1.412291904,2.105687322,3.00036597,4.306760313,5.560789871,6.594459066,7.248337564,7.696260882,11.18562441,9.349547599,10.66217121,10.16830704,11.98803202,12.46087241,13.81573825,14.79470668,16.42288166,18.03762478,20.87077383,20.98017535,22.43199656,23.88375936,,,,,,
India,Methane emissions (kt of CO2 equivalent),,,,,,,,,,,398212,401434,401638,408086,411441,420853,421451,429250,433220,435572,444528,453572,455044,469097,477063,480438,493758,498274,519788,532933,513704,520959,524521,529117,535828,542270,547580,550939,553240,571165,561733,568476,565939,575287,577716,584676,589705,598069,606364,620918,621480,628938.0636,636395.8272,,,,,,
India,HFC gas emissions (thousand metric tons of CO2 equivalent),,,,,,,,,,,,,,,,,,,,,,,,,,,,,,,1702.1,,,,,,,,,,8107.2,,,,,9845.2,,,13553.7,,13425,,,,,,,,
India,Total greenhouse gas emissions (% change from 1990),,,,,,,,,,,,,,,,,,,,,,,,,,,,,,,,4.028801738,7.139310354,9.684215728,13.95850753,19.03824095,23.17080002,26.96937941,27.50475211,40.98880861,35.88203053,35.19092885,38.19616575,42.45994632,50.66868304,52.62387195,60.93451502,71.69238453,75.7794302,87.01835222,99.76308558,103.8996171,116.4448552,,,,,,
India,Total greenhouse gas emissions (kt of CO2 equivalent),,,,,,,,,,,746498.11,754018.475,767242.36,773571.615,796885.36,827298.045,852598.24,871680.045,875174.32,905452.595,929414.77,979738.35,1011305.49,1059291.57,1117754.1,1140356.79,1199500.61,1202058.62,1305250.63,1365390.78,1387371.82,1443266.28,1486420.6,1521727.9,1581028.22,1651503.01,1708836.97,1761537.39,1768965,1956039,1885189,1875600.85,1917294.66,1976449.15,2090334.85,2117460.59,2232760.11,2382011.76,2438714.28,2594639.917,2771456.756,2828845.829,3002894.928,,,,,,
India,Other greenhouse gas emissions (% change from 1990),,,,,,,,,,,,,,,,,,,,,,,,,,,,,,,,1.117011414,0.089360913,-0.625526392,-2.099981458,-2.59146648,-3.172312415,-2.122321686,-23.65294009,214.246587,26.50377662,-34.80741606,-19.48849813,4.404376004,41.10937106,-19.09039527,10.7070012,102.1576192,13.41217945,66.41280721,243.2754796,243.2754796,243.2754796,,,,,,
India,"Other greenhouse gas emissions, HFC, PFC and SF6 (thousand metric tons of CO2 equivalent)",,,,,,,,,,,32705.08875,33387.36289,33845.29961,34013.37695,34224.14141,34717.48438,35501.94141,36707.18984,47625.47813,48598.64766,48146.63125,48547.38,48952.68906,50852.99188,56310.10313,51005.39094,47749.10313,14128.505,47484.76016,49286.69719,48607.675,47660.22969,45467.47969,43669.30781,41864.41719,40002.04219,41642.3,40579.96406,27789.52813,129200.2813,51324.84375,22438.97344,38797.32344,46846.51875,93523.09688,60203.10937,71545.80469,123800.0094,73012.69687,6101.060724,72441.7924,4768.37432,39955.57882,,,,,,
India,CO2 emissions from solid fuel consumption (% of total),80.61612383,80.48705042,79.6186484,79.27128204,77.77615501,77.61428161,75.33784505,76.48711944,73.11644841,71.55024899,70.03532772,68.22286742,68.23155131,67.94978669,69.44281988,70.76305688,70.83617154,70.36584404,68.25818318,67.29740746,69.51525697,68.65652259,67.42739677,67.92396188,65.9782126,65.66713936,66.03890015,66.09188499,66.50332249,64.88470332,65.48135864,66.05604769,65.09863987,66.20286389,65.91942228,64.29704268,63.24954699,63.61151625,61.92706905,62.26781269,61.41391455,61.84309237,62.80752281,62.96341996,64.20266467,65.27852764,65.63524008,66.20651387,64.23810092,62.60163288,63.58888955,65.74303594,67.66324341,65.36092358,66.68900134,,,,
India,CO2 emissions from solid fuel consumption (kt),97208.503,104956.874,114227.05,122144.103,117167.984,128818.043,129404.763,131740.642,136973.451,136463.738,136669.09,140449.767,148641.845,152440.857,161102.311,178465.556,186855.652,196356.849,193236.232,199800.162,218289.176,232634.48,235751.43,257207.047,256073.944,280184.469,302175.468,322846.347,350847.559,375687.817,405430.854,434774.188,455096.702,479108.218,504106.157,521810.433,558066.062,583753.397,579774.702,620042.029,633701.604,643881.196,662153.857,692344.268,741104.367,798071.212,855698.117,931927.713,1007497.249,1088420.605,1093532.403,1210839.733,1365785.151,1329932.892,1492751.359,,,,
India,CO2 emissions (kg per 2011 PPP $ of GDP),,,,,,,,,,,,,,,,,,,,,,,,,,,,,,,0.372038008,0.391357523,0.394070846,0.389441407,0.385830622,0.380627832,0.384767595,0.384611824,0.369527626,0.361088948,0.360334528,0.346850088,0.338345596,0.327178773,0.318246668,0.312315189,0.308203394,0.309084855,0.334075602,0.343349708,0.313008352,0.318534264,0.331036538,0.313670004,0.321254387,,,,
India,CO2 emissions (kg per PPP $ of GDP),,,,,,,,,,,,,,,,,,,,,,,,,,,,,,,0.573313889,0.583357702,0.57431409,0.554431174,0.537806449,0.519657967,0.515864209,0.506914182,0.481612724,0.463916386,0.452824357,0.426523292,0.409586586,0.388847248,0.36831573,0.350532189,0.335756566,0.327908297,0.347658578,0.354606412,0.319546795,0.318534264,0.324807226,0.302459577,0.304021148,,,,
India,CO2 emissions (metric tons per capita),0.267634185,0.283703709,0.305850958,0.321794972,0.308168699,0.332527211,0.337039502,0.330973865,0.352457491,0.351187328,0.351488941,0.362529744,0.37489918,0.37719344,0.381064002,0.404751114,0.413696986,0.427724728,0.424114081,0.434690103,0.449266662,0.473644453,0.477490558,0.50527683,0.506132025,0.543976976,0.570556174,0.595939656,0.629950482,0.676937711,0.709000751,0.738482682,0.768813909,0.780347321,0.80872395,0.841937014,0.898163092,0.916859884,0.918329424,0.959258891,0.976601686,0.968514319,0.964275366,0.989271008,1.021862866,1.06531244,1.118603899,1.189651807,1.306253903,1.427780473,1.393273291,1.473080878,1.5946684,1.588600104,1.727670507,,,,
India,CO2 emissions from liquid fuel consumption (% of total),16.13903841,16.35499564,17.36018812,17.60632095,18.6821479,18.5811184,20.78734442,18.99936129,22.57129994,23.79688912,25.30066146,26.95356335,27.04854565,27.54703411,26.15506204,24.5390834,24.06895114,24.58803122,26.6265981,27.86581525,26.50963998,26.49834419,27.02339874,26.21048962,27.3608526,27.38773581,26.65309622,26.1579461,25.3475408,26.05115993,25.56664396,25.30558806,26.92204802,25.843915,26.03767071,26.67193819,27.58174987,26.63243492,28.10309036,28.66970112,29.4375402,28.62868715,27.01748528,26.72353708,25.71715388,24.53958656,24.3075772,23.85178894,25.72100603,26.16038116,24.08905588,22.68061968,21.69112237,22.66481883,22.96796748,,,,
India,CO2 emissions from liquid fuel consumption (kt),19460.769,21327.272,24906.264,27128.466,28144.225,30839.47,35705.579,32724.308,42284.177,45386.459,49372.488,55489.044,58925.023,61799.951,60677.849,61887.959,63490.438,68613.237,75378.852,82731.187,83244.567,89786.495,94483.922,99251.022,106192.653,116856.289,121957.086,127776.615,133724.489,150838.378,158297.056,166558.807,188208.775,187031.668,199118.1,216459.343,243360.455,244401.883,263107.25,285483.284,303752.278,298068.428,284834.225,293851.378,296858.318,300011.938,316902.14,335739.519,403403.003,454836.345,414257.323,417726.305,437836.133,461172.921,514109.733,,,,
India,CO2 emissions (kt),120581.961,130402.187,143467.708,154083.673,150647.694,165972.087,171765.947,172238.99,187336.029,190724.337,195143.072,205869.047,217849.136,224343.393,231992.755,252201.592,263785.645,279051.366,283096.067,296891.321,314016.211,338838.134,349637.449,378669.088,388118.947,426673.785,457571.927,488481.07,527563.956,579008.299,619154.615,658189.83,699087.881,723697.118,764730.848,811562.105,882324.204,917685.085,936221.77,995766.516,1031853.463,1041152.975,1054258.833,1099597.621,1154320.262,1222563.132,1303717.509,1407607.286,1568379.567,1738645.711,1719690.988,1841776.419,2018503.817,2034752.294,2238377.137,,,,
India,CO2 emissions (kg per 2010 US$ of GDP),0.810508465,0.845057181,0.903251415,0.915226072,0.832752424,0.942299671,0.975733933,0.90740771,0.954602282,0.912212043,0.887572195,0.921222269,0.980254501,0.977270515,0.998753594,0.994737216,1.023406891,1.009403341,0.968696979,1.072057873,1.062337716,1.081363064,1.078347362,1.088543596,1.074649168,1.122426674,1.148833886,1.17966029,1.162154069,1.203880301,1.219852946,1.283198536,1.292095087,1.276915901,1.265076717,1.248017601,1.26159122,1.261080474,1.211621807,1.183952737,1.181479114,1.137265799,1.109380932,1.07276671,1.043479771,1.024031405,1.010549488,1.013439656,1.095380308,1.125788614,1.026304173,1.044422754,1.085415705,1.028473625,1.0533416,,,,
India,CO2 emissions from gaseous fuel consumption (% of total),0,0.002812069,0.007667928,0.007139627,0.014604936,0.17012439,0.181464956,0.283159463,0.401276254,0.522966296,0.473541792,0.527243904,0.553797468,0.521420749,0.586422192,0.687739909,0.870230069,0.889642303,0.968899367,1.021454245,0.792918618,0.851713166,1.248072829,1.385768516,1.591065844,1.688797215,2.255151025,2.617671346,2.884588651,3.200820788,3.410228316,3.582929411,3.902057773,3.733392787,3.79536213,4.815760342,4.508503317,5.019280334,5.087932318,4.253023407,4.255319149,4.188077837,4.474450346,4.549744383,4.299111142,4.129023744,3.795492325,3.746697998,4.023137659,5.248105489,5.833496814,4.964988044,3.871734269,5.007190718,4.141144245,,,,
India,CO2 emissions from gaseous fuel consumption (kt),0,3.667,11.001,11.001,22.002,282.359,311.695,487.711,751.735,997.424,924.084,1085.432,1206.443,1169.773,1360.457,1734.491,2295.542,2482.559,2742.916,3032.609,2489.893,2885.929,4363.73,5247.477,6175.228,7205.655,10318.938,12786.829,15218.05,18533.018,21114.586,23582.477,27278.813,27018.456,29024.305,39082.886,39779.616,46061.187,47634.33,42350.183,43908.658,43604.297,47172.288,50028.881,49625.511,50479.922,49482.498,52738.794,63098.069,91245.961,100318.119,91443.979,78151.104,101883.928,92694.426,,,,
India,CO2 intensity (kg per kg of oil equivalent energy use),,,,,,,,,,,,1.356024117,1.402495027,1.404279931,1.397304983,1.466979682,1.475129512,1.517035884,1.51804988,1.522355844,1.569963127,1.61245188,1.601866107,1.680322869,1.653665731,1.727470145,1.789321556,1.839983674,1.884630109,1.975301272,2.025278198,2.066455991,2.117487638,2.140785394,2.178522355,2.186327753,2.306373732,2.307272817,2.298703657,2.311676141,2.340356419,2.328078585,2.28896965,2.331567739,2.323984249,2.368593406,2.399725558,2.452386556,2.60438403,2.621576834,2.480663848,2.548609021,2.66153159,2.622351787,2.714030011,,,,
India,Energy use (kg of oil equivalent per capita),,,,,,,,,,,,267.3475635,267.3087413,268.6027422,272.7135495,275.9077848,280.447908,281.9476665,279.3808602,285.5377769,286.1638302,293.7417601,298.0839381,300.7022275,306.0667075,314.8980474,318.8673228,323.8831217,334.2568279,342.7009948,350.0757339,357.36676,363.0783456,364.5145018,371.2259129,385.0918566,389.426518,397.3781847,399.4988312,414.9624918,417.2875886,416.0144443,421.2704901,424.2943456,439.7030084,449.7658559,466.1382611,485.0996282,501.5596349,544.6265982,561.6534027,577.9940611,599.1544142,605.7921412,636.5701556,,,,
India,Electric power consumption (kWh per capita),,,,,,,,,,,,97.77271873,100.3050736,100.6321545,103.9926571,114.5589281,124.1236912,126.256732,135.9176425,135.7417726,141.7077001,151.8790596,158.0999104,165.687486,183.3018726,193.5348545,207.9764946,220.2207411,240.025621,257.0397362,272.0634837,290.8995776,304.4318312,320.5507469,341.2313613,358.7622121,359.8162725,375.4850522,385.8639877,392.0396922,393.6462474,393.8102014,410.6447832,430.4831641,451.6115501,468.0257528,509.2140548,541.7383947,561.24758,598.4982429,640.3946031,696.8422411,723.2354613,764.1987416,804.5142281,,,,
India,"Energy use (kg of oil equivalent) per $1,000 GDP (constant 2011 PPP)",,,,,,,,,,,,,,,,,,,,,,,,,,,,,,,183.6972363,189.3858491,186.1030206,181.9152018,177.1065702,174.094589,166.8279469,166.6954257,160.754791,156.2022215,153.9656632,148.9855586,147.8156758,140.3256561,136.9401139,131.8568179,128.4327673,126.034313,128.2743245,130.9706829,126.1792693,124.983574,124.3782113,119.6140065,118.3680304,,,,
India,Renewable energy consumption (% of total final energy consumption),,,,,,,,,,,,,,,,,,,,,,,,,,,,,,,58.65285835,57.60479334,57.23056748,56.98336334,55.55718746,54.484117,53.7674097,52.4880731,52.71225571,51.7172937,51.57934762,51.78721923,50.56944266,50.84279906,49.72402461,48.57530875,47.44372171,45.86780352,43.63288301,40.77082759,39.48150873,38.93174021,38.39089015,37.84984118,36.65183786,36.02122257,,,
India,"Electricity production from renewable sources, excluding hydroelectric (% of total)",,,,,,,,,,,,0,0,0,0,0,0,0,0,0,0,0,0,0,0,0,0.000980532,0.001352046,0.002455796,0.002207359,0.0109315,0.012215902,0.026098742,0.027435603,0.05117537,0.125100316,0.208563283,0.219811373,0.224118662,0.443593455,0.520284787,0.677184016,0.84815447,1.054334649,1.249577845,1.540544619,1.984145446,2.338376056,2.741658857,3.326494437,3.478093068,3.954730228,4.643608605,4.960653326,5.173682559,5.361011248,,,
India,"Electricity production from renewable sources, excluding hydroelectric (kWh)",,,,,,,,,,,,0,0,0,0,0,0,0,0,0,0,0,0,0,0,0,2000000,3000000,6000000,6000000,32000000,39000000,88000000,99000000,200000000,530000000,924000000,1039000000,1129000000,2421000000,2964000000,3983000000,5178000000,6862000000,8547000000,11025000000,15353000000,19258000000,23259000000,30514000000,34065000000,42495000000,52150000000,59079000000,66931000000,74143000000,,,
India,Renewable electricity output (% of total electricity output),,,,,,,,,,,,,,,,,,,,,,,,,,,,,,,24.48929396,22.80740221,20.75265214,19.55881334,21.21909967,17.26053911,15.76729394,16.01513081,16.70110829,15.25807575,13.59094803,13.20704353,12.05516116,13.46942476,14.4825005,16.61901808,17.54042472,17.86408569,16.50983374,15.66005525,16.04374444,17.31696286,15.73297336,17.34931383,16.25383982,15.34305035,,,
India,Electricity production from oil sources (% of total),,,,,,,,,,,,6.323812967,7.128878552,7.015495357,6.635540833,6.24490841,5.500183026,5.764798641,5.818630878,6.72747095,7.279356194,6.189072773,6.149898927,5.992957978,6.859978706,6.377696334,5.640017453,5.566371921,5.047888016,4.710872716,4.547504202,4.21104067,4.392596261,3.937424656,4.029292782,3.971580985,4.480047672,4.419287549,4.176269625,4.544405152,5.119117833,4.554967858,4.574759788,4.776311119,4.132949118,3.544440346,3.071012065,2.997706308,3.0121824,2.649073042,2.490565807,2.245155118,2.037845188,1.956334092,1.767435892,1.659503516,,,
India,Electricity production from nuclear sources (% of total),,,,,,,,,,,,1.792600627,1.606727551,3.291389637,2.876966014,3.056118055,3.401139988,2.296619764,2.515232137,2.55005717,2.492338613,2.282929041,1.429157066,2.333739182,2.370826328,2.677256752,2.462114712,2.269183274,2.38089391,1.701506155,2.097823265,1.730586113,1.99477432,1.495933157,1.445192458,1.884057971,2.047486519,2.133164649,2.366645426,2.427579383,2.966887138,3.311111905,3.176074771,2.731866812,2.487021028,2.420716098,2.429877072,2.058980309,1.759522841,2.031610091,2.681802217,3.00473879,2.926497419,2.874003318,2.790639431,,,,
India,Electricity production from natural gas sources (% of total),,,,,,,,,,,,0.56790793,0.672187872,0.491785263,0.606432093,0.597025347,0.508288448,0.513504771,0.512126688,0.523838647,0.518233687,0.599259427,1.403712133,1.507782421,1.251447222,1.159678858,1.805158576,1.908637769,1.475114604,2.676423195,3.401746307,4.183163355,4.821742625,4.954481841,5.599097266,6.947552282,7.228388081,8.500289838,9.960277994,10.81206369,9.823622755,9.509819423,10.30053956,11.18590369,11.19561515,10.54515018,10.25660908,11.57179232,10.24370694,12.6579905,11.56699503,10.62719164,7.613470116,5.241437102,4.636533553,4.923196173,,,
India,Electricity production from hydroelectric sources (% of total),,,,,,,,,,,,42.22402989,38.57706053,39.80850596,36.36245077,38.76707865,36.44198086,38.43098011,42.83340446,40.32228043,38.66571436,37.46920577,34.19798985,32.88821613,31.39730395,27.42764098,26.40522427,21.39026347,23.6918795,22.85794171,24.47836246,22.79518631,20.72655339,19.53137774,21.1679243,17.1354388,15.55873065,15.79531944,16.47698962,14.81448229,13.07066324,12.52985951,11.20700669,12.41509011,13.23292266,15.07847346,15.55627927,15.52570963,13.76817488,12.33356081,12.56565137,13.36223263,11.08936476,12.3886605,11.08015726,9.982039098,,,
India,Electricity production from coal sources (% of total),,,,,,,,,,,,49.09164859,52.0151455,49.39282378,53.51861029,51.33486954,54.14840768,52.99409672,48.32060583,49.87635281,51.04435715,53.45953299,56.81924202,57.27730429,58.1204438,62.35772707,63.68650445,68.86419152,67.40176817,68.05104886,65.46363226,67.06780765,68.03823466,70.053347,67.70731782,69.93626965,70.47678379,68.93212716,66.79569867,66.95787603,68.49942425,69.41705728,69.89346472,67.83142323,67.69168015,66.85963647,66.68824892,65.48205784,68.44469591,66.96802144,67.17829809,66.75997826,71.63605506,72.52273811,74.49218587,75.30939896,,,
India,Access to electricity (% of population),,,,,,,,,,,,,,,,,,,,,,,,,,,,,,,,,,50.9,49.81513596,51.39855576,52.9855957,54.57716751,56.1731987,60.1,59.36185074,55.8,62.3,64.06238556,64.4,67.08669281,67.9,70.05211639,71.54550934,75,76.3,67.6,79.9,80.87475586,83.62010956,88,89.64585876,92.61865997,
India,"Foreign direct investment, net inflows (% of GDP)",,,,,,,,,,,,,,,,-0.010486395,-0.007502573,-0.029682109,0.013175499,0.031746829,0.042484826,0.04750618,0.035911589,0.002584047,0.009068703,0.045627775,0.047283783,0.076091197,0.030766481,0.085156732,0.073740019,0.02722554,0.095941827,0.197056158,0.297385902,0.594986244,0.617479041,0.860208546,0.625285951,0.472644835,0.765212631,1.05637828,1.011571781,0.60588924,0.765601386,0.886100637,2.130168417,2.073395771,3.62052215,2.651592936,1.635034296,2.002065552,1.312934337,1.516275965,1.695658786,2.092115758,1.941056102,1.50670386,
India,Cereal yield (kg per hectare),,947.3,929.7,965.8,993.6,854.4,864.2,993.7,1036.6,1053.7,1134.8,1136.1,1107.8,1152.8,1074.5,1260.8,1198.7,1331.1,1370.2,1222.3,1350,1398.8,1346.4,1564.4,1563.8,1592.2,1585.4,1583.7,1775.8,1916.4,1891.2,1926.3,2024.8,2084.9,2115.5,2111.7,2181,2228.6,2248.4,2313.7,2294.2,2423.1,2187.3,2399.4,2350,2411.6,2446.5,2583.3,2637.9,2580.8,2676.4,2860.7,2963.5,2969.9,2960.4,2856.7,3021.1,3160.8,
India,Average precipitation in depth (mm per year),,,1083,,,,,1083,,,,,1083,,,,,1083,,,,,1083,,,,,1083,,,,,1083,,,,,1083,,,,,1083,,,,,1083,,,,,1083,,1083,,,,
India,Agricultural irrigated land (% of total agricultural land),,,,,,,,,,,,,,,,,,,,,,,,,,,,,,,,,,,,,,,,,,32.20730579,31.53300842,30.7335963,31.63298683,32.86921377,33.81654864,34.93207883,34.65011098,35.34164871,34.49237914,35.39878666,36.32947752,36.78560696,,,,,
India,Forest area (% of land area),,,,,,,,,,,,,,,,,,,,,,,,,,,,,,,21.50518467,21.55398799,21.60279001,21.65159333,21.70039535,21.74919867,21.798002,21.84680401,21.89560734,21.94440935,21.99321268,22.14920569,22.30520134,22.46119435,22.61719,22.77318301,22.91316839,23.05315114,23.19313652,23.33311927,23.47310465,23.53310701,23.59310938,23.65311437,23.71311674,23.77311911,23.83312147,,
India,Forest area (sq. km),,,,,,,,,,,,,,,,,,,,,,,,,,,,,,,639390,640841.0156,642291.9922,643743.0078,645193.9844,646645,648096.0156,649546.9922,650998.0078,652448.9844,653900,658537.9688,663176.0156,667813.9844,672452.0313,677090,681252.0313,685413.9844,689576.0156,693737.9688,697900,699683.9844,701467.9688,703252.0313,705036.0156,706820,708603.9844,,
India,Land area where elevation is below 5 meters (% of total land area),,,,,,,,,,,,,,,,,,,,,,,,,,,,,,,1.494053499,,,,,,,,,,1.494053499,,,,,,,,,,1.494053499,,,,,,,,
India,Urban land area where elevation is below 5 meters (% of total land area),,,,,,,,,,,,,,,,,,,,,,,,,,,,,,,0.115484746,,,,,,,,,,0.115484746,,,,,,,,,,0.115484746,,,,,,,,
India,Urban land area where elevation is below 5 meters (sq. km),,,,,,,,,,,,,,,,,,,,,,,,,,,,,,,3699.181396,,,,,,,,,,3699.181396,,,,,,,,,,3699.181396,,,,,,,,
India,Rural land area where elevation is below 5 meters (% of total land area),,,,,,,,,,,,,,,,,,,,,,,,,,,,,,,1.378568753,,,,,,,,,,1.378568753,,,,,,,,,,1.378568753,,,,,,,,
India,Rural land area where elevation is below 5 meters (sq. km),,,,,,,,,,,,,,,,,,,,,,,,,,,,,,,44158.00391,,,,,,,,,,44158.00391,,,,,,,,,,44158.00391,,,,,,,,
India,Arable land (% of land area),,52.40364726,52.7043344,52.9633155,53.05143634,53.21422445,53.34001527,53.74025878,53.83746077,53.80618124,54.00260326,53.73218664,53.87681245,54.16539138,54.31909834,54.43244461,54.50610287,54.50677555,54.90365567,54.97260518,54.77416512,54.79367279,54.90601004,54.73313175,55.03112818,55.00489373,54.96083331,54.89222014,54.77887387,54.98336803,54.97765027,54.88448434,54.72438694,54.68402625,54.66350956,54.45699737,54.15900094,54.35273225,54.28815515,54.14218398,54.12704873,53.92356358,53.95955186,53.74664922,53.70696121,53.62724885,53.36423168,53.14897467,53.13989352,53.11601344,52.80826318,52.79817301,52.65253818,52.61755892,52.62462204,52.62462204,52.62462204,,
India,Agricultural land (% of land area),,58.84319536,59.35779415,59.24747493,59.43515214,59.59154982,59.71027751,59.80344344,59.99078431,59.79839835,59.88584652,59.80680683,59.85019457,60.12094753,60.29954359,60.43811529,60.42298003,60.40347236,60.74014779,60.73611172,60.63251928,60.67590702,60.80035248,60.69642371,61.0293994,60.99172942,60.94195124,61.06000626,60.90798099,61.04588001,61.01628218,61.07446884,60.97995755,61.00585566,60.97524881,60.85887548,60.73913877,60.87098369,60.83499541,60.88443725,60.86896566,60.70483218,60.72938494,60.62478348,60.66716221,60.58341377,60.50941918,60.4132262,60.45930465,60.56390611,60.39741826,60.43004315,60.42062566,60.43946065,60.44719645,60.44719645,60.44719645,,
India,Agricultural land (sq. km),,1749520,1764820,1761540,1767120,1771770,1775300,1778070,1783640,1777920,1780520,1778170,1779460,1787510,1792820,1796940,1796490,1795910,1805920,1805800,1802720,1804010,1807710,1804620,1814520,1813400,1811920,1815430,1810910,1815010,1814130,1815860,1813050,1813820,1812910,1809450,1805890,1809810,1808740,1810210,1809750,1804870,1805600,1802490,1803750,1801260,1799060,1796200,1797570,1800680,1795730,1796700,1796420,1796980,1797210,1797210,1797210,,
